"block_id","x","y","type"
    1,  0.004685,  0.002677,  2
    1,  0.006273,  0.002677,  2
    1,  0.008392,  0.002677,  2
    1,  0.011215,  0.002677,  2
    1,  0.014968,  0.002677,  2
    1,  0.019941,  0.002677,  2
    1,  0.026501,  0.002677,  2
    1,  0.035109,  0.002677,  2
    1,  0.046319,  0.002677,  2
    1,  0.060783,  0.002677,  2
    1,  0.079215,  0.002677,  2
    1,  0.102341,  0.002677,  2
    1,  0.130797,  0.002677,  2
    1,  0.164981,  0.002677,  2
    1,  0.204883,  0.002677,  2
    1,  0.249928,  0.002677,  2
    1,  0.298897,  0.002677,  2
    1,  0.350000,  0.002677,  2
    1,  0.401103,  0.002677,  2
    1,  0.450072,  0.002677,  2
    1,  0.495117,  0.002677,  2
    1,  0.535019,  0.002677,  2
    1,  0.569203,  0.002677,  2
    1,  0.597659,  0.002677,  2
    1,  0.620785,  0.002677,  2
    1,  0.639217,  0.002677,  2
    1,  0.653681,  0.002677,  2
    1,  0.664891,  0.002677,  2
    1,  0.673499,  0.002677,  2
    1,  0.680059,  0.002677,  2
    1,  0.685032,  0.002677,  2
    1,  0.688785,  0.002677,  2
    1,  0.691608,  0.002677,  2
    1,  0.693727,  0.002677,  2
    1,  0.695315,  0.002677,  2
    1,  0.004685,  0.004511,  2
    1,  0.006273,  0.004511,  0
    1,  0.008392,  0.004511,  0
    1,  0.011215,  0.004511,  0
    1,  0.014968,  0.004511,  0
    1,  0.019941,  0.004511,  0
    1,  0.026501,  0.004511,  0
    1,  0.035109,  0.004511,  0
    1,  0.046319,  0.004511,  0
    1,  0.060783,  0.004511,  0
    1,  0.079215,  0.004511,  0
    1,  0.102341,  0.004511,  0
    1,  0.130797,  0.004511,  0
    1,  0.164981,  0.004511,  0
    1,  0.204883,  0.004511,  0
    1,  0.249928,  0.004511,  0
    1,  0.298897,  0.004511,  0
    1,  0.350000,  0.004511,  0
    1,  0.401103,  0.004511,  0
    1,  0.450072,  0.004511,  0
    1,  0.495117,  0.004511,  0
    1,  0.535019,  0.004511,  0
    1,  0.569203,  0.004511,  0
    1,  0.597659,  0.004511,  0
    1,  0.620785,  0.004511,  0
    1,  0.639217,  0.004511,  0
    1,  0.653681,  0.004511,  0
    1,  0.664891,  0.004511,  0
    1,  0.673499,  0.004511,  0
    1,  0.680059,  0.004511,  0
    1,  0.685032,  0.004511,  0
    1,  0.688785,  0.004511,  0
    1,  0.691608,  0.004511,  0
    1,  0.693727,  0.004511,  0
    1,  0.695315,  0.004511,  3
    1,  0.004685,  0.007576,  2
    1,  0.006273,  0.007576,  0
    1,  0.008392,  0.007576,  0
    1,  0.011215,  0.007576,  0
    1,  0.014968,  0.007576,  0
    1,  0.019941,  0.007576,  0
    1,  0.026501,  0.007576,  0
    1,  0.035109,  0.007576,  0
    1,  0.046319,  0.007576,  0
    1,  0.060783,  0.007576,  0
    1,  0.079215,  0.007576,  0
    1,  0.102341,  0.007576,  0
    1,  0.130797,  0.007576,  0
    1,  0.164981,  0.007576,  0
    1,  0.204883,  0.007576,  0
    1,  0.249928,  0.007576,  0
    1,  0.298897,  0.007576,  0
    1,  0.350000,  0.007576,  0
    1,  0.401103,  0.007576,  0
    1,  0.450072,  0.007576,  0
    1,  0.495117,  0.007576,  0
    1,  0.535019,  0.007576,  0
    1,  0.569203,  0.007576,  0
    1,  0.597659,  0.007576,  0
    1,  0.620785,  0.007576,  0
    1,  0.639217,  0.007576,  0
    1,  0.653681,  0.007576,  0
    1,  0.664891,  0.007576,  0
    1,  0.673499,  0.007576,  0
    1,  0.680059,  0.007576,  0
    1,  0.685032,  0.007576,  0
    1,  0.688785,  0.007576,  0
    1,  0.691608,  0.007576,  0
    1,  0.693727,  0.007576,  0
    1,  0.695315,  0.007576,  3
    1,  0.004685,  0.012658,  2
    1,  0.006273,  0.012658,  0
    1,  0.008392,  0.012658,  0
    1,  0.011215,  0.012658,  0
    1,  0.014968,  0.012658,  0
    1,  0.019941,  0.012658,  0
    1,  0.026501,  0.012658,  0
    1,  0.035109,  0.012658,  0
    1,  0.046319,  0.012658,  0
    1,  0.060783,  0.012658,  0
    1,  0.079215,  0.012658,  0
    1,  0.102341,  0.012658,  0
    1,  0.130797,  0.012658,  0
    1,  0.164981,  0.012658,  0
    1,  0.204883,  0.012658,  0
    1,  0.249928,  0.012658,  0
    1,  0.298897,  0.012658,  0
    1,  0.350000,  0.012658,  0
    1,  0.401103,  0.012658,  0
    1,  0.450072,  0.012658,  0
    1,  0.495117,  0.012658,  0
    1,  0.535019,  0.012658,  0
    1,  0.569203,  0.012658,  0
    1,  0.597659,  0.012658,  0
    1,  0.620785,  0.012658,  0
    1,  0.639217,  0.012658,  0
    1,  0.653681,  0.012658,  0
    1,  0.664891,  0.012658,  0
    1,  0.673499,  0.012658,  0
    1,  0.680059,  0.012658,  0
    1,  0.685032,  0.012658,  0
    1,  0.688785,  0.012658,  0
    1,  0.691608,  0.012658,  0
    1,  0.693727,  0.012658,  0
    1,  0.695315,  0.012658,  3
    1,  0.004685,  0.020966,  2
    1,  0.006273,  0.020966,  0
    1,  0.008392,  0.020966,  0
    1,  0.011215,  0.020966,  0
    1,  0.014968,  0.020966,  0
    1,  0.019941,  0.020966,  0
    1,  0.026501,  0.020966,  0
    1,  0.035109,  0.020966,  0
    1,  0.046319,  0.020966,  0
    1,  0.060783,  0.020966,  0
    1,  0.079215,  0.020966,  0
    1,  0.102341,  0.020966,  0
    1,  0.130797,  0.020966,  0
    1,  0.164981,  0.020966,  0
    1,  0.204883,  0.020966,  0
    1,  0.249928,  0.020966,  0
    1,  0.298897,  0.020966,  0
    1,  0.350000,  0.020966,  0
    1,  0.401103,  0.020966,  0
    1,  0.450072,  0.020966,  0
    1,  0.495117,  0.020966,  0
    1,  0.535019,  0.020966,  0
    1,  0.569203,  0.020966,  0
    1,  0.597659,  0.020966,  0
    1,  0.620785,  0.020966,  0
    1,  0.639217,  0.020966,  0
    1,  0.653681,  0.020966,  0
    1,  0.664891,  0.020966,  0
    1,  0.673499,  0.020966,  0
    1,  0.680059,  0.020966,  0
    1,  0.685032,  0.020966,  0
    1,  0.688785,  0.020966,  0
    1,  0.691608,  0.020966,  0
    1,  0.693727,  0.020966,  0
    1,  0.695315,  0.020966,  3
    1,  0.004685,  0.034245,  2
    1,  0.006273,  0.034245,  0
    1,  0.008392,  0.034245,  0
    1,  0.011215,  0.034245,  0
    1,  0.014968,  0.034245,  0
    1,  0.019941,  0.034245,  0
    1,  0.026501,  0.034245,  0
    1,  0.035109,  0.034245,  0
    1,  0.046319,  0.034245,  0
    1,  0.060783,  0.034245,  0
    1,  0.079215,  0.034245,  0
    1,  0.102341,  0.034245,  0
    1,  0.130797,  0.034245,  0
    1,  0.164981,  0.034245,  0
    1,  0.204883,  0.034245,  0
    1,  0.249928,  0.034245,  0
    1,  0.298897,  0.034245,  0
    1,  0.350000,  0.034245,  0
    1,  0.401103,  0.034245,  0
    1,  0.450072,  0.034245,  0
    1,  0.495117,  0.034245,  0
    1,  0.535019,  0.034245,  0
    1,  0.569203,  0.034245,  0
    1,  0.597659,  0.034245,  0
    1,  0.620785,  0.034245,  0
    1,  0.639217,  0.034245,  0
    1,  0.653681,  0.034245,  0
    1,  0.664891,  0.034245,  0
    1,  0.673499,  0.034245,  0
    1,  0.680059,  0.034245,  0
    1,  0.685032,  0.034245,  0
    1,  0.688785,  0.034245,  0
    1,  0.691608,  0.034245,  0
    1,  0.693727,  0.034245,  0
    1,  0.695315,  0.034245,  3
    1,  0.004685,  0.054721,  2
    1,  0.006273,  0.054721,  0
    1,  0.008392,  0.054721,  0
    1,  0.011215,  0.054721,  0
    1,  0.014968,  0.054721,  0
    1,  0.019941,  0.054721,  0
    1,  0.026501,  0.054721,  0
    1,  0.035109,  0.054721,  0
    1,  0.046319,  0.054721,  0
    1,  0.060783,  0.054721,  0
    1,  0.079215,  0.054721,  0
    1,  0.102341,  0.054721,  0
    1,  0.130797,  0.054721,  0
    1,  0.164981,  0.054721,  0
    1,  0.204883,  0.054721,  0
    1,  0.249928,  0.054721,  0
    1,  0.298897,  0.054721,  0
    1,  0.350000,  0.054721,  0
    1,  0.401103,  0.054721,  0
    1,  0.450072,  0.054721,  0
    1,  0.495117,  0.054721,  0
    1,  0.535019,  0.054721,  0
    1,  0.569203,  0.054721,  0
    1,  0.597659,  0.054721,  0
    1,  0.620785,  0.054721,  0
    1,  0.639217,  0.054721,  0
    1,  0.653681,  0.054721,  0
    1,  0.664891,  0.054721,  0
    1,  0.673499,  0.054721,  0
    1,  0.680059,  0.054721,  0
    1,  0.685032,  0.054721,  0
    1,  0.688785,  0.054721,  0
    1,  0.691608,  0.054721,  0
    1,  0.693727,  0.054721,  0
    1,  0.695315,  0.054721,  3
    1,  0.004685,  0.084608,  2
    1,  0.006273,  0.084608,  0
    1,  0.008392,  0.084608,  0
    1,  0.011215,  0.084608,  0
    1,  0.014968,  0.084608,  0
    1,  0.019941,  0.084608,  0
    1,  0.026501,  0.084608,  0
    1,  0.035109,  0.084608,  0
    1,  0.046319,  0.084608,  0
    1,  0.060783,  0.084608,  0
    1,  0.079215,  0.084608,  0
    1,  0.102341,  0.084608,  0
    1,  0.130797,  0.084608,  0
    1,  0.164981,  0.084608,  0
    1,  0.204883,  0.084608,  0
    1,  0.249928,  0.084608,  0
    1,  0.298897,  0.084608,  0
    1,  0.350000,  0.084608,  0
    1,  0.401103,  0.084608,  0
    1,  0.450072,  0.084608,  0
    1,  0.495117,  0.084608,  0
    1,  0.535019,  0.084608,  0
    1,  0.569203,  0.084608,  0
    1,  0.597659,  0.084608,  0
    1,  0.620785,  0.084608,  0
    1,  0.639217,  0.084608,  0
    1,  0.653681,  0.084608,  0
    1,  0.664891,  0.084608,  0
    1,  0.673499,  0.084608,  0
    1,  0.680059,  0.084608,  0
    1,  0.685032,  0.084608,  0
    1,  0.688785,  0.084608,  0
    1,  0.691608,  0.084608,  0
    1,  0.693727,  0.084608,  0
    1,  0.695315,  0.084608,  3
    1,  0.004685,  0.124913,  2
    1,  0.006273,  0.124913,  0
    1,  0.008392,  0.124913,  0
    1,  0.011215,  0.124913,  0
    1,  0.014968,  0.124913,  0
    1,  0.019941,  0.124913,  0
    1,  0.026501,  0.124913,  0
    1,  0.035109,  0.124913,  0
    1,  0.046319,  0.124913,  0
    1,  0.060783,  0.124913,  0
    1,  0.079215,  0.124913,  0
    1,  0.102341,  0.124913,  0
    1,  0.130797,  0.124913,  0
    1,  0.164981,  0.124913,  0
    1,  0.204883,  0.124913,  0
    1,  0.249928,  0.124913,  0
    1,  0.298897,  0.124913,  0
    1,  0.350000,  0.124913,  0
    1,  0.401103,  0.124913,  0
    1,  0.450072,  0.124913,  0
    1,  0.495117,  0.124913,  0
    1,  0.535019,  0.124913,  0
    1,  0.569203,  0.124913,  0
    1,  0.597659,  0.124913,  0
    1,  0.620785,  0.124913,  0
    1,  0.639217,  0.124913,  0
    1,  0.653681,  0.124913,  0
    1,  0.664891,  0.124913,  0
    1,  0.673499,  0.124913,  0
    1,  0.680059,  0.124913,  0
    1,  0.685032,  0.124913,  0
    1,  0.688785,  0.124913,  0
    1,  0.691608,  0.124913,  0
    1,  0.693727,  0.124913,  0
    1,  0.695315,  0.124913,  3
    1,  0.004685,  0.173835,  2
    1,  0.006273,  0.173835,  0
    1,  0.008392,  0.173835,  0
    1,  0.011215,  0.173835,  0
    1,  0.014968,  0.173835,  0
    1,  0.019941,  0.173835,  0
    1,  0.026501,  0.173835,  0
    1,  0.035109,  0.173835,  0
    1,  0.046319,  0.173835,  0
    1,  0.060783,  0.173835,  0
    1,  0.079215,  0.173835,  0
    1,  0.102341,  0.173835,  0
    1,  0.130797,  0.173835,  0
    1,  0.164981,  0.173835,  0
    1,  0.204883,  0.173835,  0
    1,  0.249928,  0.173835,  0
    1,  0.298897,  0.173835,  0
    1,  0.350000,  0.173835,  0
    1,  0.401103,  0.173835,  0
    1,  0.450072,  0.173835,  0
    1,  0.495117,  0.173835,  0
    1,  0.535019,  0.173835,  0
    1,  0.569203,  0.173835,  0
    1,  0.597659,  0.173835,  0
    1,  0.620785,  0.173835,  0
    1,  0.639217,  0.173835,  0
    1,  0.653681,  0.173835,  0
    1,  0.664891,  0.173835,  0
    1,  0.673499,  0.173835,  0
    1,  0.680059,  0.173835,  0
    1,  0.685032,  0.173835,  0
    1,  0.688785,  0.173835,  0
    1,  0.691608,  0.173835,  0
    1,  0.693727,  0.173835,  0
    1,  0.695315,  0.173835,  3
    1,  0.004685,  0.226165,  2
    1,  0.006273,  0.226165,  0
    1,  0.008392,  0.226165,  0
    1,  0.011215,  0.226165,  0
    1,  0.014968,  0.226165,  0
    1,  0.019941,  0.226165,  0
    1,  0.026501,  0.226165,  0
    1,  0.035109,  0.226165,  0
    1,  0.046319,  0.226165,  0
    1,  0.060783,  0.226165,  0
    1,  0.079215,  0.226165,  0
    1,  0.102341,  0.226165,  0
    1,  0.130797,  0.226165,  0
    1,  0.164981,  0.226165,  0
    1,  0.204883,  0.226165,  0
    1,  0.249928,  0.226165,  0
    1,  0.298897,  0.226165,  0
    1,  0.350000,  0.226165,  0
    1,  0.401103,  0.226165,  0
    1,  0.450072,  0.226165,  0
    1,  0.495117,  0.226165,  0
    1,  0.535019,  0.226165,  0
    1,  0.569203,  0.226165,  0
    1,  0.597659,  0.226165,  0
    1,  0.620785,  0.226165,  0
    1,  0.639217,  0.226165,  0
    1,  0.653681,  0.226165,  0
    1,  0.664891,  0.226165,  0
    1,  0.673499,  0.226165,  0
    1,  0.680059,  0.226165,  0
    1,  0.685032,  0.226165,  0
    1,  0.688785,  0.226165,  0
    1,  0.691608,  0.226165,  0
    1,  0.693727,  0.226165,  0
    1,  0.695315,  0.226165,  3
    1,  0.004685,  0.275087,  2
    1,  0.006273,  0.275087,  0
    1,  0.008392,  0.275087,  0
    1,  0.011215,  0.275087,  0
    1,  0.014968,  0.275087,  0
    1,  0.019941,  0.275087,  0
    1,  0.026501,  0.275087,  0
    1,  0.035109,  0.275087,  0
    1,  0.046319,  0.275087,  0
    1,  0.060783,  0.275087,  0
    1,  0.079215,  0.275087,  0
    1,  0.102341,  0.275087,  0
    1,  0.130797,  0.275087,  0
    1,  0.164981,  0.275087,  0
    1,  0.204883,  0.275087,  0
    1,  0.249928,  0.275087,  0
    1,  0.298897,  0.275087,  0
    1,  0.350000,  0.275087,  0
    1,  0.401103,  0.275087,  0
    1,  0.450072,  0.275087,  0
    1,  0.495117,  0.275087,  0
    1,  0.535019,  0.275087,  0
    1,  0.569203,  0.275087,  0
    1,  0.597659,  0.275087,  0
    1,  0.620785,  0.275087,  0
    1,  0.639217,  0.275087,  0
    1,  0.653681,  0.275087,  0
    1,  0.664891,  0.275087,  0
    1,  0.673499,  0.275087,  0
    1,  0.680059,  0.275087,  0
    1,  0.685032,  0.275087,  0
    1,  0.688785,  0.275087,  0
    1,  0.691608,  0.275087,  0
    1,  0.693727,  0.275087,  0
    1,  0.695315,  0.275087,  3
    1,  0.004685,  0.315392,  2
    1,  0.006273,  0.315392,  0
    1,  0.008392,  0.315392,  0
    1,  0.011215,  0.315392,  0
    1,  0.014968,  0.315392,  0
    1,  0.019941,  0.315392,  0
    1,  0.026501,  0.315392,  0
    1,  0.035109,  0.315392,  0
    1,  0.046319,  0.315392,  0
    1,  0.060783,  0.315392,  0
    1,  0.079215,  0.315392,  0
    1,  0.102341,  0.315392,  0
    1,  0.130797,  0.315392,  0
    1,  0.164981,  0.315392,  0
    1,  0.204883,  0.315392,  0
    1,  0.249928,  0.315392,  0
    1,  0.298897,  0.315392,  0
    1,  0.350000,  0.315392,  0
    1,  0.401103,  0.315392,  0
    1,  0.450072,  0.315392,  0
    1,  0.495117,  0.315392,  0
    1,  0.535019,  0.315392,  0
    1,  0.569203,  0.315392,  0
    1,  0.597659,  0.315392,  0
    1,  0.620785,  0.315392,  0
    1,  0.639217,  0.315392,  0
    1,  0.653681,  0.315392,  0
    1,  0.664891,  0.315392,  0
    1,  0.673499,  0.315392,  0
    1,  0.680059,  0.315392,  0
    1,  0.685032,  0.315392,  0
    1,  0.688785,  0.315392,  0
    1,  0.691608,  0.315392,  0
    1,  0.693727,  0.315392,  0
    1,  0.695315,  0.315392,  3
    1,  0.004685,  0.345279,  2
    1,  0.006273,  0.345279,  0
    1,  0.008392,  0.345279,  0
    1,  0.011215,  0.345279,  0
    1,  0.014968,  0.345279,  0
    1,  0.019941,  0.345279,  0
    1,  0.026501,  0.345279,  0
    1,  0.035109,  0.345279,  0
    1,  0.046319,  0.345279,  0
    1,  0.060783,  0.345279,  0
    1,  0.079215,  0.345279,  0
    1,  0.102341,  0.345279,  0
    1,  0.130797,  0.345279,  0
    1,  0.164981,  0.345279,  0
    1,  0.204883,  0.345279,  0
    1,  0.249928,  0.345279,  0
    1,  0.298897,  0.345279,  0
    1,  0.350000,  0.345279,  0
    1,  0.401103,  0.345279,  0
    1,  0.450072,  0.345279,  0
    1,  0.495117,  0.345279,  0
    1,  0.535019,  0.345279,  0
    1,  0.569203,  0.345279,  0
    1,  0.597659,  0.345279,  0
    1,  0.620785,  0.345279,  0
    1,  0.639217,  0.345279,  0
    1,  0.653681,  0.345279,  0
    1,  0.664891,  0.345279,  0
    1,  0.673499,  0.345279,  0
    1,  0.680059,  0.345279,  0
    1,  0.685032,  0.345279,  0
    1,  0.688785,  0.345279,  0
    1,  0.691608,  0.345279,  0
    1,  0.693727,  0.345279,  0
    1,  0.695315,  0.345279,  3
    1,  0.004685,  0.365755,  2
    1,  0.006273,  0.365755,  0
    1,  0.008392,  0.365755,  0
    1,  0.011215,  0.365755,  0
    1,  0.014968,  0.365755,  0
    1,  0.019941,  0.365755,  0
    1,  0.026501,  0.365755,  0
    1,  0.035109,  0.365755,  0
    1,  0.046319,  0.365755,  0
    1,  0.060783,  0.365755,  0
    1,  0.079215,  0.365755,  0
    1,  0.102341,  0.365755,  0
    1,  0.130797,  0.365755,  0
    1,  0.164981,  0.365755,  0
    1,  0.204883,  0.365755,  0
    1,  0.249928,  0.365755,  0
    1,  0.298897,  0.365755,  0
    1,  0.350000,  0.365755,  0
    1,  0.401103,  0.365755,  0
    1,  0.450072,  0.365755,  0
    1,  0.495117,  0.365755,  0
    1,  0.535019,  0.365755,  0
    1,  0.569203,  0.365755,  0
    1,  0.597659,  0.365755,  0
    1,  0.620785,  0.365755,  0
    1,  0.639217,  0.365755,  0
    1,  0.653681,  0.365755,  0
    1,  0.664891,  0.365755,  0
    1,  0.673499,  0.365755,  0
    1,  0.680059,  0.365755,  0
    1,  0.685032,  0.365755,  0
    1,  0.688785,  0.365755,  0
    1,  0.691608,  0.365755,  0
    1,  0.693727,  0.365755,  0
    1,  0.695315,  0.365755,  3
    1,  0.004685,  0.379034,  2
    1,  0.006273,  0.379034,  0
    1,  0.008392,  0.379034,  0
    1,  0.011215,  0.379034,  0
    1,  0.014968,  0.379034,  0
    1,  0.019941,  0.379034,  0
    1,  0.026501,  0.379034,  0
    1,  0.035109,  0.379034,  0
    1,  0.046319,  0.379034,  0
    1,  0.060783,  0.379034,  0
    1,  0.079215,  0.379034,  0
    1,  0.102341,  0.379034,  0
    1,  0.130797,  0.379034,  0
    1,  0.164981,  0.379034,  0
    1,  0.204883,  0.379034,  0
    1,  0.249928,  0.379034,  0
    1,  0.298897,  0.379034,  0
    1,  0.350000,  0.379034,  0
    1,  0.401103,  0.379034,  0
    1,  0.450072,  0.379034,  0
    1,  0.495117,  0.379034,  0
    1,  0.535019,  0.379034,  0
    1,  0.569203,  0.379034,  0
    1,  0.597659,  0.379034,  0
    1,  0.620785,  0.379034,  0
    1,  0.639217,  0.379034,  0
    1,  0.653681,  0.379034,  0
    1,  0.664891,  0.379034,  0
    1,  0.673499,  0.379034,  0
    1,  0.680059,  0.379034,  0
    1,  0.685032,  0.379034,  0
    1,  0.688785,  0.379034,  0
    1,  0.691608,  0.379034,  0
    1,  0.693727,  0.379034,  0
    1,  0.695315,  0.379034,  3
    1,  0.004685,  0.387342,  2
    1,  0.006273,  0.387342,  0
    1,  0.008392,  0.387342,  0
    1,  0.011215,  0.387342,  0
    1,  0.014968,  0.387342,  0
    1,  0.019941,  0.387342,  0
    1,  0.026501,  0.387342,  0
    1,  0.035109,  0.387342,  0
    1,  0.046319,  0.387342,  0
    1,  0.060783,  0.387342,  0
    1,  0.079215,  0.387342,  0
    1,  0.102341,  0.387342,  0
    1,  0.130797,  0.387342,  0
    1,  0.164981,  0.387342,  0
    1,  0.204883,  0.387342,  0
    1,  0.249928,  0.387342,  0
    1,  0.298897,  0.387342,  0
    1,  0.350000,  0.387342,  0
    1,  0.401103,  0.387342,  0
    1,  0.450072,  0.387342,  0
    1,  0.495117,  0.387342,  0
    1,  0.535019,  0.387342,  0
    1,  0.569203,  0.387342,  0
    1,  0.597659,  0.387342,  0
    1,  0.620785,  0.387342,  0
    1,  0.639217,  0.387342,  0
    1,  0.653681,  0.387342,  0
    1,  0.664891,  0.387342,  0
    1,  0.673499,  0.387342,  0
    1,  0.680059,  0.387342,  0
    1,  0.685032,  0.387342,  0
    1,  0.688785,  0.387342,  0
    1,  0.691608,  0.387342,  0
    1,  0.693727,  0.387342,  0
    1,  0.695315,  0.387342,  3
    1,  0.004685,  0.392424,  2
    1,  0.006273,  0.392424,  0
    1,  0.008392,  0.392424,  0
    1,  0.011215,  0.392424,  0
    1,  0.014968,  0.392424,  0
    1,  0.019941,  0.392424,  0
    1,  0.026501,  0.392424,  0
    1,  0.035109,  0.392424,  0
    1,  0.046319,  0.392424,  0
    1,  0.060783,  0.392424,  0
    1,  0.079215,  0.392424,  0
    1,  0.102341,  0.392424,  0
    1,  0.130797,  0.392424,  0
    1,  0.164981,  0.392424,  0
    1,  0.204883,  0.392424,  0
    1,  0.249928,  0.392424,  0
    1,  0.298897,  0.392424,  0
    1,  0.350000,  0.392424,  0
    1,  0.401103,  0.392424,  0
    1,  0.450072,  0.392424,  0
    1,  0.495117,  0.392424,  0
    1,  0.535019,  0.392424,  0
    1,  0.569203,  0.392424,  0
    1,  0.597659,  0.392424,  0
    1,  0.620785,  0.392424,  0
    1,  0.639217,  0.392424,  0
    1,  0.653681,  0.392424,  0
    1,  0.664891,  0.392424,  0
    1,  0.673499,  0.392424,  0
    1,  0.680059,  0.392424,  0
    1,  0.685032,  0.392424,  0
    1,  0.688785,  0.392424,  0
    1,  0.691608,  0.392424,  0
    1,  0.693727,  0.392424,  0
    1,  0.695315,  0.392424,  3
    1,  0.004685,  0.395489,  2
    1,  0.006273,  0.395489,  0
    1,  0.008392,  0.395489,  0
    1,  0.011215,  0.395489,  0
    1,  0.014968,  0.395489,  0
    1,  0.019941,  0.395489,  0
    1,  0.026501,  0.395489,  0
    1,  0.035109,  0.395489,  0
    1,  0.046319,  0.395489,  0
    1,  0.060783,  0.395489,  0
    1,  0.079215,  0.395489,  0
    1,  0.102341,  0.395489,  0
    1,  0.130797,  0.395489,  0
    1,  0.164981,  0.395489,  0
    1,  0.204883,  0.395489,  0
    1,  0.249928,  0.395489,  0
    1,  0.298897,  0.395489,  0
    1,  0.350000,  0.395489,  0
    1,  0.401103,  0.395489,  0
    1,  0.450072,  0.395489,  0
    1,  0.495117,  0.395489,  0
    1,  0.535019,  0.395489,  0
    1,  0.569203,  0.395489,  0
    1,  0.597659,  0.395489,  0
    1,  0.620785,  0.395489,  0
    1,  0.639217,  0.395489,  0
    1,  0.653681,  0.395489,  0
    1,  0.664891,  0.395489,  0
    1,  0.673499,  0.395489,  0
    1,  0.680059,  0.395489,  0
    1,  0.685032,  0.395489,  0
    1,  0.688785,  0.395489,  0
    1,  0.691608,  0.395489,  0
    1,  0.693727,  0.395489,  0
    1,  0.695315,  0.395489,  3
    1,  0.004685,  0.397323,  2
    1,  0.006273,  0.397323,  3
    1,  0.008392,  0.397323,  3
    1,  0.011215,  0.397323,  3
    1,  0.014968,  0.397323,  3
    1,  0.019941,  0.397323,  3
    1,  0.026501,  0.397323,  3
    1,  0.035109,  0.397323,  3
    1,  0.046319,  0.397323,  3
    1,  0.060783,  0.397323,  3
    1,  0.079215,  0.397323,  3
    1,  0.102341,  0.397323,  3
    1,  0.130797,  0.397323,  3
    1,  0.164981,  0.397323,  3
    1,  0.204883,  0.397323,  3
    1,  0.249928,  0.397323,  3
    1,  0.298897,  0.397323,  3
    1,  0.350000,  0.397323,  3
    1,  0.401103,  0.397323,  3
    1,  0.450072,  0.397323,  3
    1,  0.495117,  0.397323,  3
    1,  0.535019,  0.397323,  3
    1,  0.569203,  0.397323,  3
    1,  0.597659,  0.397323,  3
    1,  0.620785,  0.397323,  3
    1,  0.639217,  0.397323,  3
    1,  0.653681,  0.397323,  3
    1,  0.664891,  0.397323,  3
    1,  0.673499,  0.397323,  3
    1,  0.680059,  0.397323,  3
    1,  0.685032,  0.397323,  3
    1,  0.688785,  0.397323,  3
    1,  0.691608,  0.397323,  3
    1,  0.693727,  0.397323,  3
    1,  0.695315,  0.397323,  3
    2,  0.004685,  0.404016,  2
    2,  0.006273,  0.404016,  3
    2,  0.008392,  0.404016,  3
    2,  0.011215,  0.404016,  3
    2,  0.014968,  0.404016,  3
    2,  0.019941,  0.404016,  3
    2,  0.026501,  0.404016,  3
    2,  0.035109,  0.404016,  3
    2,  0.046319,  0.404016,  3
    2,  0.060783,  0.404016,  3
    2,  0.079215,  0.404016,  3
    2,  0.102341,  0.404016,  3
    2,  0.130797,  0.404016,  3
    2,  0.164981,  0.404016,  3
    2,  0.204883,  0.404016,  3
    2,  0.249928,  0.404016,  3
    2,  0.298897,  0.404016,  3
    2,  0.350000,  0.404016,  3
    2,  0.401103,  0.404016,  3
    2,  0.450072,  0.404016,  3
    2,  0.495117,  0.404016,  3
    2,  0.535019,  0.404016,  3
    2,  0.569203,  0.404016,  3
    2,  0.597659,  0.404016,  3
    2,  0.620785,  0.404016,  3
    2,  0.639217,  0.404016,  3
    2,  0.653681,  0.404016,  3
    2,  0.664891,  0.404016,  3
    2,  0.673499,  0.404016,  3
    2,  0.680059,  0.404016,  3
    2,  0.685032,  0.404016,  3
    2,  0.688785,  0.404016,  3
    2,  0.691608,  0.404016,  3
    2,  0.693727,  0.404016,  3
    2,  0.695315,  0.404016,  3
    2,  0.004685,  0.405654,  2
    2,  0.006273,  0.405654,  0
    2,  0.008392,  0.405654,  0
    2,  0.011215,  0.405654,  0
    2,  0.014968,  0.405654,  0
    2,  0.019941,  0.405654,  0
    2,  0.026501,  0.405654,  0
    2,  0.035109,  0.405654,  0
    2,  0.046319,  0.405654,  0
    2,  0.060783,  0.405654,  0
    2,  0.079215,  0.405654,  0
    2,  0.102341,  0.405654,  0
    2,  0.130797,  0.405654,  0
    2,  0.164981,  0.405654,  0
    2,  0.204883,  0.405654,  0
    2,  0.249928,  0.405654,  0
    2,  0.298897,  0.405654,  0
    2,  0.350000,  0.405654,  0
    2,  0.401103,  0.405654,  0
    2,  0.450072,  0.405654,  0
    2,  0.495117,  0.405654,  0
    2,  0.535019,  0.405654,  0
    2,  0.569203,  0.405654,  0
    2,  0.597659,  0.405654,  0
    2,  0.620785,  0.405654,  0
    2,  0.639217,  0.405654,  0
    2,  0.653681,  0.405654,  0
    2,  0.664891,  0.405654,  0
    2,  0.673499,  0.405654,  0
    2,  0.680059,  0.405654,  0
    2,  0.685032,  0.405654,  0
    2,  0.688785,  0.405654,  0
    2,  0.691608,  0.405654,  0
    2,  0.693727,  0.405654,  0
    2,  0.695315,  0.405654,  3
    2,  0.004685,  0.407951,  2
    2,  0.006273,  0.407951,  0
    2,  0.008392,  0.407951,  0
    2,  0.011215,  0.407951,  0
    2,  0.014968,  0.407951,  0
    2,  0.019941,  0.407951,  0
    2,  0.026501,  0.407951,  0
    2,  0.035109,  0.407951,  0
    2,  0.046319,  0.407951,  0
    2,  0.060783,  0.407951,  0
    2,  0.079215,  0.407951,  0
    2,  0.102341,  0.407951,  0
    2,  0.130797,  0.407951,  0
    2,  0.164981,  0.407951,  0
    2,  0.204883,  0.407951,  0
    2,  0.249928,  0.407951,  0
    2,  0.298897,  0.407951,  0
    2,  0.350000,  0.407951,  0
    2,  0.401103,  0.407951,  0
    2,  0.450072,  0.407951,  0
    2,  0.495117,  0.407951,  0
    2,  0.535019,  0.407951,  0
    2,  0.569203,  0.407951,  0
    2,  0.597659,  0.407951,  0
    2,  0.620785,  0.407951,  0
    2,  0.639217,  0.407951,  0
    2,  0.653681,  0.407951,  0
    2,  0.664891,  0.407951,  0
    2,  0.673499,  0.407951,  0
    2,  0.680059,  0.407951,  0
    2,  0.685032,  0.407951,  0
    2,  0.688785,  0.407951,  0
    2,  0.691608,  0.407951,  0
    2,  0.693727,  0.407951,  0
    2,  0.695315,  0.407951,  3
    2,  0.004685,  0.411163,  2
    2,  0.006273,  0.411163,  0
    2,  0.008392,  0.411163,  0
    2,  0.011215,  0.411163,  0
    2,  0.014968,  0.411163,  0
    2,  0.019941,  0.411163,  0
    2,  0.026501,  0.411163,  0
    2,  0.035109,  0.411163,  0
    2,  0.046319,  0.411163,  0
    2,  0.060783,  0.411163,  0
    2,  0.079215,  0.411163,  0
    2,  0.102341,  0.411163,  0
    2,  0.130797,  0.411163,  0
    2,  0.164981,  0.411163,  0
    2,  0.204883,  0.411163,  0
    2,  0.249928,  0.411163,  0
    2,  0.298897,  0.411163,  0
    2,  0.350000,  0.411163,  0
    2,  0.401103,  0.411163,  0
    2,  0.450072,  0.411163,  0
    2,  0.495117,  0.411163,  0
    2,  0.535019,  0.411163,  0
    2,  0.569203,  0.411163,  0
    2,  0.597659,  0.411163,  0
    2,  0.620785,  0.411163,  0
    2,  0.639217,  0.411163,  0
    2,  0.653681,  0.411163,  0
    2,  0.664891,  0.411163,  0
    2,  0.673499,  0.411163,  0
    2,  0.680059,  0.411163,  0
    2,  0.685032,  0.411163,  0
    2,  0.688785,  0.411163,  0
    2,  0.691608,  0.411163,  0
    2,  0.693727,  0.411163,  0
    2,  0.695315,  0.411163,  3
    2,  0.004685,  0.415640,  2
    2,  0.006273,  0.415640,  0
    2,  0.008392,  0.415640,  0
    2,  0.011215,  0.415640,  0
    2,  0.014968,  0.415640,  0
    2,  0.019941,  0.415640,  0
    2,  0.026501,  0.415640,  0
    2,  0.035109,  0.415640,  0
    2,  0.046319,  0.415640,  0
    2,  0.060783,  0.415640,  0
    2,  0.079215,  0.415640,  0
    2,  0.102341,  0.415640,  0
    2,  0.130797,  0.415640,  0
    2,  0.164981,  0.415640,  0
    2,  0.204883,  0.415640,  0
    2,  0.249928,  0.415640,  0
    2,  0.298897,  0.415640,  0
    2,  0.350000,  0.415640,  0
    2,  0.401103,  0.415640,  0
    2,  0.450072,  0.415640,  0
    2,  0.495117,  0.415640,  0
    2,  0.535019,  0.415640,  0
    2,  0.569203,  0.415640,  0
    2,  0.597659,  0.415640,  0
    2,  0.620785,  0.415640,  0
    2,  0.639217,  0.415640,  0
    2,  0.653681,  0.415640,  0
    2,  0.664891,  0.415640,  0
    2,  0.673499,  0.415640,  0
    2,  0.680059,  0.415640,  0
    2,  0.685032,  0.415640,  0
    2,  0.688785,  0.415640,  0
    2,  0.691608,  0.415640,  0
    2,  0.693727,  0.415640,  0
    2,  0.695315,  0.415640,  3
    2,  0.004685,  0.421845,  2
    2,  0.006273,  0.421845,  0
    2,  0.008392,  0.421845,  0
    2,  0.011215,  0.421845,  0
    2,  0.014968,  0.421845,  0
    2,  0.019941,  0.421845,  0
    2,  0.026501,  0.421845,  0
    2,  0.035109,  0.421845,  0
    2,  0.046319,  0.421845,  0
    2,  0.060783,  0.421845,  0
    2,  0.079215,  0.421845,  0
    2,  0.102341,  0.421845,  0
    2,  0.130797,  0.421845,  0
    2,  0.164981,  0.421845,  0
    2,  0.204883,  0.421845,  0
    2,  0.249928,  0.421845,  0
    2,  0.298897,  0.421845,  0
    2,  0.350000,  0.421845,  0
    2,  0.401103,  0.421845,  0
    2,  0.450072,  0.421845,  0
    2,  0.495117,  0.421845,  0
    2,  0.535019,  0.421845,  0
    2,  0.569203,  0.421845,  0
    2,  0.597659,  0.421845,  0
    2,  0.620785,  0.421845,  0
    2,  0.639217,  0.421845,  0
    2,  0.653681,  0.421845,  0
    2,  0.664891,  0.421845,  0
    2,  0.673499,  0.421845,  0
    2,  0.680059,  0.421845,  0
    2,  0.685032,  0.421845,  0
    2,  0.688785,  0.421845,  0
    2,  0.691608,  0.421845,  0
    2,  0.693727,  0.421845,  0
    2,  0.695315,  0.421845,  3
    2,  0.004685,  0.430384,  2
    2,  0.006273,  0.430384,  0
    2,  0.008392,  0.430384,  0
    2,  0.011215,  0.430384,  0
    2,  0.014968,  0.430384,  0
    2,  0.019941,  0.430384,  0
    2,  0.026501,  0.430384,  0
    2,  0.035109,  0.430384,  0
    2,  0.046319,  0.430384,  0
    2,  0.060783,  0.430384,  0
    2,  0.079215,  0.430384,  0
    2,  0.102341,  0.430384,  0
    2,  0.130797,  0.430384,  0
    2,  0.164981,  0.430384,  0
    2,  0.204883,  0.430384,  0
    2,  0.249928,  0.430384,  0
    2,  0.298897,  0.430384,  0
    2,  0.350000,  0.430384,  0
    2,  0.401103,  0.430384,  0
    2,  0.450072,  0.430384,  0
    2,  0.495117,  0.430384,  0
    2,  0.535019,  0.430384,  0
    2,  0.569203,  0.430384,  0
    2,  0.597659,  0.430384,  0
    2,  0.620785,  0.430384,  0
    2,  0.639217,  0.430384,  0
    2,  0.653681,  0.430384,  0
    2,  0.664891,  0.430384,  0
    2,  0.673499,  0.430384,  0
    2,  0.680059,  0.430384,  0
    2,  0.685032,  0.430384,  0
    2,  0.688785,  0.430384,  0
    2,  0.691608,  0.430384,  0
    2,  0.693727,  0.430384,  0
    2,  0.695315,  0.430384,  3
    2,  0.004685,  0.442019,  2
    2,  0.006273,  0.442019,  0
    2,  0.008392,  0.442019,  0
    2,  0.011215,  0.442019,  0
    2,  0.014968,  0.442019,  0
    2,  0.019941,  0.442019,  0
    2,  0.026501,  0.442019,  0
    2,  0.035109,  0.442019,  0
    2,  0.046319,  0.442019,  0
    2,  0.060783,  0.442019,  0
    2,  0.079215,  0.442019,  0
    2,  0.102341,  0.442019,  0
    2,  0.130797,  0.442019,  0
    2,  0.164981,  0.442019,  0
    2,  0.204883,  0.442019,  0
    2,  0.249928,  0.442019,  0
    2,  0.298897,  0.442019,  0
    2,  0.350000,  0.442019,  0
    2,  0.401103,  0.442019,  0
    2,  0.450072,  0.442019,  0
    2,  0.495117,  0.442019,  0
    2,  0.535019,  0.442019,  0
    2,  0.569203,  0.442019,  0
    2,  0.597659,  0.442019,  0
    2,  0.620785,  0.442019,  0
    2,  0.639217,  0.442019,  0
    2,  0.653681,  0.442019,  0
    2,  0.664891,  0.442019,  0
    2,  0.673499,  0.442019,  0
    2,  0.680059,  0.442019,  0
    2,  0.685032,  0.442019,  0
    2,  0.688785,  0.442019,  0
    2,  0.691608,  0.442019,  0
    2,  0.693727,  0.442019,  0
    2,  0.695315,  0.442019,  3
    2,  0.004685,  0.457657,  2
    2,  0.006273,  0.457657,  0
    2,  0.008392,  0.457657,  0
    2,  0.011215,  0.457657,  0
    2,  0.014968,  0.457657,  0
    2,  0.019941,  0.457657,  0
    2,  0.026501,  0.457657,  0
    2,  0.035109,  0.457657,  0
    2,  0.046319,  0.457657,  0
    2,  0.060783,  0.457657,  0
    2,  0.079215,  0.457657,  0
    2,  0.102341,  0.457657,  0
    2,  0.130797,  0.457657,  0
    2,  0.164981,  0.457657,  0
    2,  0.204883,  0.457657,  0
    2,  0.249928,  0.457657,  0
    2,  0.298897,  0.457657,  0
    2,  0.350000,  0.457657,  0
    2,  0.401103,  0.457657,  0
    2,  0.450072,  0.457657,  0
    2,  0.495117,  0.457657,  0
    2,  0.535019,  0.457657,  0
    2,  0.569203,  0.457657,  0
    2,  0.597659,  0.457657,  0
    2,  0.620785,  0.457657,  0
    2,  0.639217,  0.457657,  0
    2,  0.653681,  0.457657,  0
    2,  0.664891,  0.457657,  0
    2,  0.673499,  0.457657,  0
    2,  0.680059,  0.457657,  0
    2,  0.685032,  0.457657,  0
    2,  0.688785,  0.457657,  0
    2,  0.691608,  0.457657,  0
    2,  0.693727,  0.457657,  0
    2,  0.695315,  0.457657,  3
    2,  0.004685,  0.478300,  2
    2,  0.006273,  0.478300,  0
    2,  0.008392,  0.478300,  0
    2,  0.011215,  0.478300,  0
    2,  0.014968,  0.478300,  0
    2,  0.019941,  0.478300,  0
    2,  0.026501,  0.478300,  0
    2,  0.035109,  0.478300,  0
    2,  0.046319,  0.478300,  0
    2,  0.060783,  0.478300,  0
    2,  0.079215,  0.478300,  0
    2,  0.102341,  0.478300,  0
    2,  0.130797,  0.478300,  0
    2,  0.164981,  0.478300,  0
    2,  0.204883,  0.478300,  0
    2,  0.249928,  0.478300,  0
    2,  0.298897,  0.478300,  0
    2,  0.350000,  0.478300,  0
    2,  0.401103,  0.478300,  0
    2,  0.450072,  0.478300,  0
    2,  0.495117,  0.478300,  0
    2,  0.535019,  0.478300,  0
    2,  0.569203,  0.478300,  0
    2,  0.597659,  0.478300,  0
    2,  0.620785,  0.478300,  0
    2,  0.639217,  0.478300,  0
    2,  0.653681,  0.478300,  0
    2,  0.664891,  0.478300,  0
    2,  0.673499,  0.478300,  0
    2,  0.680059,  0.478300,  0
    2,  0.685032,  0.478300,  0
    2,  0.688785,  0.478300,  0
    2,  0.691608,  0.478300,  0
    2,  0.693727,  0.478300,  0
    2,  0.695315,  0.478300,  3
    2,  0.004685,  0.504902,  2
    2,  0.006273,  0.504902,  0
    2,  0.008392,  0.504902,  0
    2,  0.011215,  0.504902,  0
    2,  0.014968,  0.504902,  0
    2,  0.019941,  0.504902,  0
    2,  0.026501,  0.504902,  0
    2,  0.035109,  0.504902,  0
    2,  0.046319,  0.504902,  0
    2,  0.060783,  0.504902,  0
    2,  0.079215,  0.504902,  0
    2,  0.102341,  0.504902,  0
    2,  0.130797,  0.504902,  0
    2,  0.164981,  0.504902,  0
    2,  0.204883,  0.504902,  0
    2,  0.249928,  0.504902,  0
    2,  0.298897,  0.504902,  0
    2,  0.350000,  0.504902,  0
    2,  0.401103,  0.504902,  0
    2,  0.450072,  0.504902,  0
    2,  0.495117,  0.504902,  0
    2,  0.535019,  0.504902,  0
    2,  0.569203,  0.504902,  0
    2,  0.597659,  0.504902,  0
    2,  0.620785,  0.504902,  0
    2,  0.639217,  0.504902,  0
    2,  0.653681,  0.504902,  0
    2,  0.664891,  0.504902,  0
    2,  0.673499,  0.504902,  0
    2,  0.680059,  0.504902,  0
    2,  0.685032,  0.504902,  0
    2,  0.688785,  0.504902,  0
    2,  0.691608,  0.504902,  0
    2,  0.693727,  0.504902,  0
    2,  0.695315,  0.504902,  3
    2,  0.004685,  0.538150,  2
    2,  0.006273,  0.538150,  0
    2,  0.008392,  0.538150,  0
    2,  0.011215,  0.538150,  0
    2,  0.014968,  0.538150,  0
    2,  0.019941,  0.538150,  0
    2,  0.026501,  0.538150,  0
    2,  0.035109,  0.538150,  0
    2,  0.046319,  0.538150,  0
    2,  0.060783,  0.538150,  0
    2,  0.079215,  0.538150,  0
    2,  0.102341,  0.538150,  0
    2,  0.130797,  0.538150,  0
    2,  0.164981,  0.538150,  0
    2,  0.204883,  0.538150,  0
    2,  0.249928,  0.538150,  0
    2,  0.298897,  0.538150,  0
    2,  0.350000,  0.538150,  0
    2,  0.401103,  0.538150,  0
    2,  0.450072,  0.538150,  0
    2,  0.495117,  0.538150,  0
    2,  0.535019,  0.538150,  0
    2,  0.569203,  0.538150,  0
    2,  0.597659,  0.538150,  0
    2,  0.620785,  0.538150,  0
    2,  0.639217,  0.538150,  0
    2,  0.653681,  0.538150,  0
    2,  0.664891,  0.538150,  0
    2,  0.673499,  0.538150,  0
    2,  0.680059,  0.538150,  0
    2,  0.685032,  0.538150,  0
    2,  0.688785,  0.538150,  0
    2,  0.691608,  0.538150,  0
    2,  0.693727,  0.538150,  0
    2,  0.695315,  0.538150,  3
    2,  0.004685,  0.578144,  2
    2,  0.006273,  0.578144,  0
    2,  0.008392,  0.578144,  0
    2,  0.011215,  0.578144,  0
    2,  0.014968,  0.578144,  0
    2,  0.019941,  0.578144,  0
    2,  0.026501,  0.578144,  0
    2,  0.035109,  0.578144,  0
    2,  0.046319,  0.578144,  0
    2,  0.060783,  0.578144,  0
    2,  0.079215,  0.578144,  0
    2,  0.102341,  0.578144,  0
    2,  0.130797,  0.578144,  0
    2,  0.164981,  0.578144,  0
    2,  0.204883,  0.578144,  0
    2,  0.249928,  0.578144,  0
    2,  0.298897,  0.578144,  0
    2,  0.350000,  0.578144,  0
    2,  0.401103,  0.578144,  0
    2,  0.450072,  0.578144,  0
    2,  0.495117,  0.578144,  0
    2,  0.535019,  0.578144,  0
    2,  0.569203,  0.578144,  0
    2,  0.597659,  0.578144,  0
    2,  0.620785,  0.578144,  0
    2,  0.639217,  0.578144,  0
    2,  0.653681,  0.578144,  0
    2,  0.664891,  0.578144,  0
    2,  0.673499,  0.578144,  0
    2,  0.680059,  0.578144,  0
    2,  0.685032,  0.578144,  0
    2,  0.688785,  0.578144,  0
    2,  0.691608,  0.578144,  0
    2,  0.693727,  0.578144,  0
    2,  0.695315,  0.578144,  3
    2,  0.004685,  0.624099,  2
    2,  0.006273,  0.624099,  0
    2,  0.008392,  0.624099,  0
    2,  0.011215,  0.624099,  0
    2,  0.014968,  0.624099,  0
    2,  0.019941,  0.624099,  0
    2,  0.026501,  0.624099,  0
    2,  0.035109,  0.624099,  0
    2,  0.046319,  0.624099,  0
    2,  0.060783,  0.624099,  0
    2,  0.079215,  0.624099,  0
    2,  0.102341,  0.624099,  0
    2,  0.130797,  0.624099,  0
    2,  0.164981,  0.624099,  0
    2,  0.204883,  0.624099,  0
    2,  0.249928,  0.624099,  0
    2,  0.298897,  0.624099,  0
    2,  0.350000,  0.624099,  0
    2,  0.401103,  0.624099,  0
    2,  0.450072,  0.624099,  0
    2,  0.495117,  0.624099,  0
    2,  0.535019,  0.624099,  0
    2,  0.569203,  0.624099,  0
    2,  0.597659,  0.624099,  0
    2,  0.620785,  0.624099,  0
    2,  0.639217,  0.624099,  0
    2,  0.653681,  0.624099,  0
    2,  0.664891,  0.624099,  0
    2,  0.673499,  0.624099,  0
    2,  0.680059,  0.624099,  0
    2,  0.685032,  0.624099,  0
    2,  0.688785,  0.624099,  0
    2,  0.691608,  0.624099,  0
    2,  0.693727,  0.624099,  0
    2,  0.695315,  0.624099,  3
    2,  0.004685,  0.674202,  2
    2,  0.006273,  0.674202,  0
    2,  0.008392,  0.674202,  0
    2,  0.011215,  0.674202,  0
    2,  0.014968,  0.674202,  0
    2,  0.019941,  0.674202,  0
    2,  0.026501,  0.674202,  0
    2,  0.035109,  0.674202,  0
    2,  0.046319,  0.674202,  0
    2,  0.060783,  0.674202,  0
    2,  0.079215,  0.674202,  0
    2,  0.102341,  0.674202,  0
    2,  0.130797,  0.674202,  0
    2,  0.164981,  0.674202,  0
    2,  0.204883,  0.674202,  0
    2,  0.249928,  0.674202,  0
    2,  0.298897,  0.674202,  0
    2,  0.350000,  0.674202,  0
    2,  0.401103,  0.674202,  0
    2,  0.450072,  0.674202,  0
    2,  0.495117,  0.674202,  0
    2,  0.535019,  0.674202,  0
    2,  0.569203,  0.674202,  0
    2,  0.597659,  0.674202,  0
    2,  0.620785,  0.674202,  0
    2,  0.639217,  0.674202,  0
    2,  0.653681,  0.674202,  0
    2,  0.664891,  0.674202,  0
    2,  0.673499,  0.674202,  0
    2,  0.680059,  0.674202,  0
    2,  0.685032,  0.674202,  0
    2,  0.688785,  0.674202,  0
    2,  0.691608,  0.674202,  0
    2,  0.693727,  0.674202,  0
    2,  0.695315,  0.674202,  3
    2,  0.004685,  0.725798,  2
    2,  0.006273,  0.725798,  0
    2,  0.008392,  0.725798,  0
    2,  0.011215,  0.725798,  0
    2,  0.014968,  0.725798,  0
    2,  0.019941,  0.725798,  0
    2,  0.026501,  0.725798,  0
    2,  0.035109,  0.725798,  0
    2,  0.046319,  0.725798,  0
    2,  0.060783,  0.725798,  0
    2,  0.079215,  0.725798,  0
    2,  0.102341,  0.725798,  0
    2,  0.130797,  0.725798,  0
    2,  0.164981,  0.725798,  0
    2,  0.204883,  0.725798,  0
    2,  0.249928,  0.725798,  0
    2,  0.298897,  0.725798,  0
    2,  0.350000,  0.725798,  0
    2,  0.401103,  0.725798,  0
    2,  0.450072,  0.725798,  0
    2,  0.495117,  0.725798,  0
    2,  0.535019,  0.725798,  0
    2,  0.569203,  0.725798,  0
    2,  0.597659,  0.725798,  0
    2,  0.620785,  0.725798,  0
    2,  0.639217,  0.725798,  0
    2,  0.653681,  0.725798,  0
    2,  0.664891,  0.725798,  0
    2,  0.673499,  0.725798,  0
    2,  0.680059,  0.725798,  0
    2,  0.685032,  0.725798,  0
    2,  0.688785,  0.725798,  0
    2,  0.691608,  0.725798,  0
    2,  0.693727,  0.725798,  0
    2,  0.695315,  0.725798,  3
    2,  0.004685,  0.775901,  2
    2,  0.006273,  0.775901,  0
    2,  0.008392,  0.775901,  0
    2,  0.011215,  0.775901,  0
    2,  0.014968,  0.775901,  0
    2,  0.019941,  0.775901,  0
    2,  0.026501,  0.775901,  0
    2,  0.035109,  0.775901,  0
    2,  0.046319,  0.775901,  0
    2,  0.060783,  0.775901,  0
    2,  0.079215,  0.775901,  0
    2,  0.102341,  0.775901,  0
    2,  0.130797,  0.775901,  0
    2,  0.164981,  0.775901,  0
    2,  0.204883,  0.775901,  0
    2,  0.249928,  0.775901,  0
    2,  0.298897,  0.775901,  0
    2,  0.350000,  0.775901,  0
    2,  0.401103,  0.775901,  0
    2,  0.450072,  0.775901,  0
    2,  0.495117,  0.775901,  0
    2,  0.535019,  0.775901,  0
    2,  0.569203,  0.775901,  0
    2,  0.597659,  0.775901,  0
    2,  0.620785,  0.775901,  0
    2,  0.639217,  0.775901,  0
    2,  0.653681,  0.775901,  0
    2,  0.664891,  0.775901,  0
    2,  0.673499,  0.775901,  0
    2,  0.680059,  0.775901,  0
    2,  0.685032,  0.775901,  0
    2,  0.688785,  0.775901,  0
    2,  0.691608,  0.775901,  0
    2,  0.693727,  0.775901,  0
    2,  0.695315,  0.775901,  3
    2,  0.004685,  0.821856,  2
    2,  0.006273,  0.821856,  0
    2,  0.008392,  0.821856,  0
    2,  0.011215,  0.821856,  0
    2,  0.014968,  0.821856,  0
    2,  0.019941,  0.821856,  0
    2,  0.026501,  0.821856,  0
    2,  0.035109,  0.821856,  0
    2,  0.046319,  0.821856,  0
    2,  0.060783,  0.821856,  0
    2,  0.079215,  0.821856,  0
    2,  0.102341,  0.821856,  0
    2,  0.130797,  0.821856,  0
    2,  0.164981,  0.821856,  0
    2,  0.204883,  0.821856,  0
    2,  0.249928,  0.821856,  0
    2,  0.298897,  0.821856,  0
    2,  0.350000,  0.821856,  0
    2,  0.401103,  0.821856,  0
    2,  0.450072,  0.821856,  0
    2,  0.495117,  0.821856,  0
    2,  0.535019,  0.821856,  0
    2,  0.569203,  0.821856,  0
    2,  0.597659,  0.821856,  0
    2,  0.620785,  0.821856,  0
    2,  0.639217,  0.821856,  0
    2,  0.653681,  0.821856,  0
    2,  0.664891,  0.821856,  0
    2,  0.673499,  0.821856,  0
    2,  0.680059,  0.821856,  0
    2,  0.685032,  0.821856,  0
    2,  0.688785,  0.821856,  0
    2,  0.691608,  0.821856,  0
    2,  0.693727,  0.821856,  0
    2,  0.695315,  0.821856,  3
    2,  0.004685,  0.861850,  2
    2,  0.006273,  0.861850,  0
    2,  0.008392,  0.861850,  0
    2,  0.011215,  0.861850,  0
    2,  0.014968,  0.861850,  0
    2,  0.019941,  0.861850,  0
    2,  0.026501,  0.861850,  0
    2,  0.035109,  0.861850,  0
    2,  0.046319,  0.861850,  0
    2,  0.060783,  0.861850,  0
    2,  0.079215,  0.861850,  0
    2,  0.102341,  0.861850,  0
    2,  0.130797,  0.861850,  0
    2,  0.164981,  0.861850,  0
    2,  0.204883,  0.861850,  0
    2,  0.249928,  0.861850,  0
    2,  0.298897,  0.861850,  0
    2,  0.350000,  0.861850,  0
    2,  0.401103,  0.861850,  0
    2,  0.450072,  0.861850,  0
    2,  0.495117,  0.861850,  0
    2,  0.535019,  0.861850,  0
    2,  0.569203,  0.861850,  0
    2,  0.597659,  0.861850,  0
    2,  0.620785,  0.861850,  0
    2,  0.639217,  0.861850,  0
    2,  0.653681,  0.861850,  0
    2,  0.664891,  0.861850,  0
    2,  0.673499,  0.861850,  0
    2,  0.680059,  0.861850,  0
    2,  0.685032,  0.861850,  0
    2,  0.688785,  0.861850,  0
    2,  0.691608,  0.861850,  0
    2,  0.693727,  0.861850,  0
    2,  0.695315,  0.861850,  3
    2,  0.004685,  0.895098,  2
    2,  0.006273,  0.895098,  0
    2,  0.008392,  0.895098,  0
    2,  0.011215,  0.895098,  0
    2,  0.014968,  0.895098,  0
    2,  0.019941,  0.895098,  0
    2,  0.026501,  0.895098,  0
    2,  0.035109,  0.895098,  0
    2,  0.046319,  0.895098,  0
    2,  0.060783,  0.895098,  0
    2,  0.079215,  0.895098,  0
    2,  0.102341,  0.895098,  0
    2,  0.130797,  0.895098,  0
    2,  0.164981,  0.895098,  0
    2,  0.204883,  0.895098,  0
    2,  0.249928,  0.895098,  0
    2,  0.298897,  0.895098,  0
    2,  0.350000,  0.895098,  0
    2,  0.401103,  0.895098,  0
    2,  0.450072,  0.895098,  0
    2,  0.495117,  0.895098,  0
    2,  0.535019,  0.895098,  0
    2,  0.569203,  0.895098,  0
    2,  0.597659,  0.895098,  0
    2,  0.620785,  0.895098,  0
    2,  0.639217,  0.895098,  0
    2,  0.653681,  0.895098,  0
    2,  0.664891,  0.895098,  0
    2,  0.673499,  0.895098,  0
    2,  0.680059,  0.895098,  0
    2,  0.685032,  0.895098,  0
    2,  0.688785,  0.895098,  0
    2,  0.691608,  0.895098,  0
    2,  0.693727,  0.895098,  0
    2,  0.695315,  0.895098,  3
    2,  0.004685,  0.921700,  2
    2,  0.006273,  0.921700,  0
    2,  0.008392,  0.921700,  0
    2,  0.011215,  0.921700,  0
    2,  0.014968,  0.921700,  0
    2,  0.019941,  0.921700,  0
    2,  0.026501,  0.921700,  0
    2,  0.035109,  0.921700,  0
    2,  0.046319,  0.921700,  0
    2,  0.060783,  0.921700,  0
    2,  0.079215,  0.921700,  0
    2,  0.102341,  0.921700,  0
    2,  0.130797,  0.921700,  0
    2,  0.164981,  0.921700,  0
    2,  0.204883,  0.921700,  0
    2,  0.249928,  0.921700,  0
    2,  0.298897,  0.921700,  0
    2,  0.350000,  0.921700,  0
    2,  0.401103,  0.921700,  0
    2,  0.450072,  0.921700,  0
    2,  0.495117,  0.921700,  0
    2,  0.535019,  0.921700,  0
    2,  0.569203,  0.921700,  0
    2,  0.597659,  0.921700,  0
    2,  0.620785,  0.921700,  0
    2,  0.639217,  0.921700,  0
    2,  0.653681,  0.921700,  0
    2,  0.664891,  0.921700,  0
    2,  0.673499,  0.921700,  0
    2,  0.680059,  0.921700,  0
    2,  0.685032,  0.921700,  0
    2,  0.688785,  0.921700,  0
    2,  0.691608,  0.921700,  0
    2,  0.693727,  0.921700,  0
    2,  0.695315,  0.921700,  3
    2,  0.004685,  0.942343,  2
    2,  0.006273,  0.942343,  0
    2,  0.008392,  0.942343,  0
    2,  0.011215,  0.942343,  0
    2,  0.014968,  0.942343,  0
    2,  0.019941,  0.942343,  0
    2,  0.026501,  0.942343,  0
    2,  0.035109,  0.942343,  0
    2,  0.046319,  0.942343,  0
    2,  0.060783,  0.942343,  0
    2,  0.079215,  0.942343,  0
    2,  0.102341,  0.942343,  0
    2,  0.130797,  0.942343,  0
    2,  0.164981,  0.942343,  0
    2,  0.204883,  0.942343,  0
    2,  0.249928,  0.942343,  0
    2,  0.298897,  0.942343,  0
    2,  0.350000,  0.942343,  0
    2,  0.401103,  0.942343,  0
    2,  0.450072,  0.942343,  0
    2,  0.495117,  0.942343,  0
    2,  0.535019,  0.942343,  0
    2,  0.569203,  0.942343,  0
    2,  0.597659,  0.942343,  0
    2,  0.620785,  0.942343,  0
    2,  0.639217,  0.942343,  0
    2,  0.653681,  0.942343,  0
    2,  0.664891,  0.942343,  0
    2,  0.673499,  0.942343,  0
    2,  0.680059,  0.942343,  0
    2,  0.685032,  0.942343,  0
    2,  0.688785,  0.942343,  0
    2,  0.691608,  0.942343,  0
    2,  0.693727,  0.942343,  0
    2,  0.695315,  0.942343,  3
    2,  0.004685,  0.957981,  2
    2,  0.006273,  0.957981,  0
    2,  0.008392,  0.957981,  0
    2,  0.011215,  0.957981,  0
    2,  0.014968,  0.957981,  0
    2,  0.019941,  0.957981,  0
    2,  0.026501,  0.957981,  0
    2,  0.035109,  0.957981,  0
    2,  0.046319,  0.957981,  0
    2,  0.060783,  0.957981,  0
    2,  0.079215,  0.957981,  0
    2,  0.102341,  0.957981,  0
    2,  0.130797,  0.957981,  0
    2,  0.164981,  0.957981,  0
    2,  0.204883,  0.957981,  0
    2,  0.249928,  0.957981,  0
    2,  0.298897,  0.957981,  0
    2,  0.350000,  0.957981,  0
    2,  0.401103,  0.957981,  0
    2,  0.450072,  0.957981,  0
    2,  0.495117,  0.957981,  0
    2,  0.535019,  0.957981,  0
    2,  0.569203,  0.957981,  0
    2,  0.597659,  0.957981,  0
    2,  0.620785,  0.957981,  0
    2,  0.639217,  0.957981,  0
    2,  0.653681,  0.957981,  0
    2,  0.664891,  0.957981,  0
    2,  0.673499,  0.957981,  0
    2,  0.680059,  0.957981,  0
    2,  0.685032,  0.957981,  0
    2,  0.688785,  0.957981,  0
    2,  0.691608,  0.957981,  0
    2,  0.693727,  0.957981,  0
    2,  0.695315,  0.957981,  3
    2,  0.004685,  0.969616,  2
    2,  0.006273,  0.969616,  0
    2,  0.008392,  0.969616,  0
    2,  0.011215,  0.969616,  0
    2,  0.014968,  0.969616,  0
    2,  0.019941,  0.969616,  0
    2,  0.026501,  0.969616,  0
    2,  0.035109,  0.969616,  0
    2,  0.046319,  0.969616,  0
    2,  0.060783,  0.969616,  0
    2,  0.079215,  0.969616,  0
    2,  0.102341,  0.969616,  0
    2,  0.130797,  0.969616,  0
    2,  0.164981,  0.969616,  0
    2,  0.204883,  0.969616,  0
    2,  0.249928,  0.969616,  0
    2,  0.298897,  0.969616,  0
    2,  0.350000,  0.969616,  0
    2,  0.401103,  0.969616,  0
    2,  0.450072,  0.969616,  0
    2,  0.495117,  0.969616,  0
    2,  0.535019,  0.969616,  0
    2,  0.569203,  0.969616,  0
    2,  0.597659,  0.969616,  0
    2,  0.620785,  0.969616,  0
    2,  0.639217,  0.969616,  0
    2,  0.653681,  0.969616,  0
    2,  0.664891,  0.969616,  0
    2,  0.673499,  0.969616,  0
    2,  0.680059,  0.969616,  0
    2,  0.685032,  0.969616,  0
    2,  0.688785,  0.969616,  0
    2,  0.691608,  0.969616,  0
    2,  0.693727,  0.969616,  0
    2,  0.695315,  0.969616,  3
    2,  0.004685,  0.978155,  2
    2,  0.006273,  0.978155,  0
    2,  0.008392,  0.978155,  0
    2,  0.011215,  0.978155,  0
    2,  0.014968,  0.978155,  0
    2,  0.019941,  0.978155,  0
    2,  0.026501,  0.978155,  0
    2,  0.035109,  0.978155,  0
    2,  0.046319,  0.978155,  0
    2,  0.060783,  0.978155,  0
    2,  0.079215,  0.978155,  0
    2,  0.102341,  0.978155,  0
    2,  0.130797,  0.978155,  0
    2,  0.164981,  0.978155,  0
    2,  0.204883,  0.978155,  0
    2,  0.249928,  0.978155,  0
    2,  0.298897,  0.978155,  0
    2,  0.350000,  0.978155,  0
    2,  0.401103,  0.978155,  0
    2,  0.450072,  0.978155,  0
    2,  0.495117,  0.978155,  0
    2,  0.535019,  0.978155,  0
    2,  0.569203,  0.978155,  0
    2,  0.597659,  0.978155,  0
    2,  0.620785,  0.978155,  0
    2,  0.639217,  0.978155,  0
    2,  0.653681,  0.978155,  0
    2,  0.664891,  0.978155,  0
    2,  0.673499,  0.978155,  0
    2,  0.680059,  0.978155,  0
    2,  0.685032,  0.978155,  0
    2,  0.688785,  0.978155,  0
    2,  0.691608,  0.978155,  0
    2,  0.693727,  0.978155,  0
    2,  0.695315,  0.978155,  3
    2,  0.004685,  0.984360,  2
    2,  0.006273,  0.984360,  0
    2,  0.008392,  0.984360,  0
    2,  0.011215,  0.984360,  0
    2,  0.014968,  0.984360,  0
    2,  0.019941,  0.984360,  0
    2,  0.026501,  0.984360,  0
    2,  0.035109,  0.984360,  0
    2,  0.046319,  0.984360,  0
    2,  0.060783,  0.984360,  0
    2,  0.079215,  0.984360,  0
    2,  0.102341,  0.984360,  0
    2,  0.130797,  0.984360,  0
    2,  0.164981,  0.984360,  0
    2,  0.204883,  0.984360,  0
    2,  0.249928,  0.984360,  0
    2,  0.298897,  0.984360,  0
    2,  0.350000,  0.984360,  0
    2,  0.401103,  0.984360,  0
    2,  0.450072,  0.984360,  0
    2,  0.495117,  0.984360,  0
    2,  0.535019,  0.984360,  0
    2,  0.569203,  0.984360,  0
    2,  0.597659,  0.984360,  0
    2,  0.620785,  0.984360,  0
    2,  0.639217,  0.984360,  0
    2,  0.653681,  0.984360,  0
    2,  0.664891,  0.984360,  0
    2,  0.673499,  0.984360,  0
    2,  0.680059,  0.984360,  0
    2,  0.685032,  0.984360,  0
    2,  0.688785,  0.984360,  0
    2,  0.691608,  0.984360,  0
    2,  0.693727,  0.984360,  0
    2,  0.695315,  0.984360,  3
    2,  0.004685,  0.988837,  2
    2,  0.006273,  0.988837,  0
    2,  0.008392,  0.988837,  0
    2,  0.011215,  0.988837,  0
    2,  0.014968,  0.988837,  0
    2,  0.019941,  0.988837,  0
    2,  0.026501,  0.988837,  0
    2,  0.035109,  0.988837,  0
    2,  0.046319,  0.988837,  0
    2,  0.060783,  0.988837,  0
    2,  0.079215,  0.988837,  0
    2,  0.102341,  0.988837,  0
    2,  0.130797,  0.988837,  0
    2,  0.164981,  0.988837,  0
    2,  0.204883,  0.988837,  0
    2,  0.249928,  0.988837,  0
    2,  0.298897,  0.988837,  0
    2,  0.350000,  0.988837,  0
    2,  0.401103,  0.988837,  0
    2,  0.450072,  0.988837,  0
    2,  0.495117,  0.988837,  0
    2,  0.535019,  0.988837,  0
    2,  0.569203,  0.988837,  0
    2,  0.597659,  0.988837,  0
    2,  0.620785,  0.988837,  0
    2,  0.639217,  0.988837,  0
    2,  0.653681,  0.988837,  0
    2,  0.664891,  0.988837,  0
    2,  0.673499,  0.988837,  0
    2,  0.680059,  0.988837,  0
    2,  0.685032,  0.988837,  0
    2,  0.688785,  0.988837,  0
    2,  0.691608,  0.988837,  0
    2,  0.693727,  0.988837,  0
    2,  0.695315,  0.988837,  3
    2,  0.004685,  0.992049,  2
    2,  0.006273,  0.992049,  0
    2,  0.008392,  0.992049,  0
    2,  0.011215,  0.992049,  0
    2,  0.014968,  0.992049,  0
    2,  0.019941,  0.992049,  0
    2,  0.026501,  0.992049,  0
    2,  0.035109,  0.992049,  0
    2,  0.046319,  0.992049,  0
    2,  0.060783,  0.992049,  0
    2,  0.079215,  0.992049,  0
    2,  0.102341,  0.992049,  0
    2,  0.130797,  0.992049,  0
    2,  0.164981,  0.992049,  0
    2,  0.204883,  0.992049,  0
    2,  0.249928,  0.992049,  0
    2,  0.298897,  0.992049,  0
    2,  0.350000,  0.992049,  0
    2,  0.401103,  0.992049,  0
    2,  0.450072,  0.992049,  0
    2,  0.495117,  0.992049,  0
    2,  0.535019,  0.992049,  0
    2,  0.569203,  0.992049,  0
    2,  0.597659,  0.992049,  0
    2,  0.620785,  0.992049,  0
    2,  0.639217,  0.992049,  0
    2,  0.653681,  0.992049,  0
    2,  0.664891,  0.992049,  0
    2,  0.673499,  0.992049,  0
    2,  0.680059,  0.992049,  0
    2,  0.685032,  0.992049,  0
    2,  0.688785,  0.992049,  0
    2,  0.691608,  0.992049,  0
    2,  0.693727,  0.992049,  0
    2,  0.695315,  0.992049,  3
    2,  0.004685,  0.994346,  2
    2,  0.006273,  0.994346,  0
    2,  0.008392,  0.994346,  0
    2,  0.011215,  0.994346,  0
    2,  0.014968,  0.994346,  0
    2,  0.019941,  0.994346,  0
    2,  0.026501,  0.994346,  0
    2,  0.035109,  0.994346,  0
    2,  0.046319,  0.994346,  0
    2,  0.060783,  0.994346,  0
    2,  0.079215,  0.994346,  0
    2,  0.102341,  0.994346,  0
    2,  0.130797,  0.994346,  0
    2,  0.164981,  0.994346,  0
    2,  0.204883,  0.994346,  0
    2,  0.249928,  0.994346,  0
    2,  0.298897,  0.994346,  0
    2,  0.350000,  0.994346,  0
    2,  0.401103,  0.994346,  0
    2,  0.450072,  0.994346,  0
    2,  0.495117,  0.994346,  0
    2,  0.535019,  0.994346,  0
    2,  0.569203,  0.994346,  0
    2,  0.597659,  0.994346,  0
    2,  0.620785,  0.994346,  0
    2,  0.639217,  0.994346,  0
    2,  0.653681,  0.994346,  0
    2,  0.664891,  0.994346,  0
    2,  0.673499,  0.994346,  0
    2,  0.680059,  0.994346,  0
    2,  0.685032,  0.994346,  0
    2,  0.688785,  0.994346,  0
    2,  0.691608,  0.994346,  0
    2,  0.693727,  0.994346,  0
    2,  0.695315,  0.994346,  3
    2,  0.004685,  0.995984,  2
    2,  0.006273,  0.995984,  1
    2,  0.008392,  0.995984,  1
    2,  0.011215,  0.995984,  1
    2,  0.014968,  0.995984,  1
    2,  0.019941,  0.995984,  1
    2,  0.026501,  0.995984,  1
    2,  0.035109,  0.995984,  1
    2,  0.046319,  0.995984,  1
    2,  0.060783,  0.995984,  1
    2,  0.079215,  0.995984,  1
    2,  0.102341,  0.995984,  1
    2,  0.130797,  0.995984,  1
    2,  0.164981,  0.995984,  1
    2,  0.204883,  0.995984,  1
    2,  0.249928,  0.995984,  1
    2,  0.298897,  0.995984,  1
    2,  0.350000,  0.995984,  1
    2,  0.401103,  0.995984,  1
    2,  0.450072,  0.995984,  1
    2,  0.495117,  0.995984,  1
    2,  0.535019,  0.995984,  1
    2,  0.569203,  0.995984,  1
    2,  0.597659,  0.995984,  1
    2,  0.620785,  0.995984,  1
    2,  0.639217,  0.995984,  1
    2,  0.653681,  0.995984,  1
    2,  0.664891,  0.995984,  1
    2,  0.673499,  0.995984,  1
    2,  0.680059,  0.995984,  1
    2,  0.685032,  0.995984,  1
    2,  0.688785,  0.995984,  1
    2,  0.691608,  0.995984,  1
    2,  0.693727,  0.995984,  1
    2,  0.695315,  0.995984,  1
    3,  0.702008,  0.404016,  2
    3,  0.704073,  0.404016,  2
    3,  0.708204,  0.404016,  2
    3,  0.716294,  0.404016,  2
    3,  0.731500,  0.404016,  2
    3,  0.757996,  0.404016,  2
    3,  0.798596,  0.404016,  2
    3,  0.850000,  0.404016,  2
    3,  0.901404,  0.404016,  2
    3,  0.942004,  0.404016,  2
    3,  0.968500,  0.404016,  2
    3,  0.983706,  0.404016,  2
    3,  0.991796,  0.404016,  2
    3,  0.995927,  0.404016,  2
    3,  0.997992,  0.404016,  2
    3,  0.702008,  0.405654,  3
    3,  0.704073,  0.405654,  0
    3,  0.708204,  0.405654,  0
    3,  0.716294,  0.405654,  0
    3,  0.731500,  0.405654,  0
    3,  0.757996,  0.405654,  0
    3,  0.798596,  0.405654,  0
    3,  0.850000,  0.405654,  0
    3,  0.901404,  0.405654,  0
    3,  0.942004,  0.405654,  0
    3,  0.968500,  0.405654,  0
    3,  0.983706,  0.405654,  0
    3,  0.991796,  0.405654,  0
    3,  0.995927,  0.405654,  0
    3,  0.997992,  0.405654,  2
    3,  0.702008,  0.407951,  3
    3,  0.704073,  0.407951,  0
    3,  0.708204,  0.407951,  0
    3,  0.716294,  0.407951,  0
    3,  0.731500,  0.407951,  0
    3,  0.757996,  0.407951,  0
    3,  0.798596,  0.407951,  0
    3,  0.850000,  0.407951,  0
    3,  0.901404,  0.407951,  0
    3,  0.942004,  0.407951,  0
    3,  0.968500,  0.407951,  0
    3,  0.983706,  0.407951,  0
    3,  0.991796,  0.407951,  0
    3,  0.995927,  0.407951,  0
    3,  0.997992,  0.407951,  2
    3,  0.702008,  0.411163,  3
    3,  0.704073,  0.411163,  0
    3,  0.708204,  0.411163,  0
    3,  0.716294,  0.411163,  0
    3,  0.731500,  0.411163,  0
    3,  0.757996,  0.411163,  0
    3,  0.798596,  0.411163,  0
    3,  0.850000,  0.411163,  0
    3,  0.901404,  0.411163,  0
    3,  0.942004,  0.411163,  0
    3,  0.968500,  0.411163,  0
    3,  0.983706,  0.411163,  0
    3,  0.991796,  0.411163,  0
    3,  0.995927,  0.411163,  0
    3,  0.997992,  0.411163,  2
    3,  0.702008,  0.415640,  3
    3,  0.704073,  0.415640,  0
    3,  0.708204,  0.415640,  0
    3,  0.716294,  0.415640,  0
    3,  0.731500,  0.415640,  0
    3,  0.757996,  0.415640,  0
    3,  0.798596,  0.415640,  0
    3,  0.850000,  0.415640,  0
    3,  0.901404,  0.415640,  0
    3,  0.942004,  0.415640,  0
    3,  0.968500,  0.415640,  0
    3,  0.983706,  0.415640,  0
    3,  0.991796,  0.415640,  0
    3,  0.995927,  0.415640,  0
    3,  0.997992,  0.415640,  2
    3,  0.702008,  0.421845,  3
    3,  0.704073,  0.421845,  0
    3,  0.708204,  0.421845,  0
    3,  0.716294,  0.421845,  0
    3,  0.731500,  0.421845,  0
    3,  0.757996,  0.421845,  0
    3,  0.798596,  0.421845,  0
    3,  0.850000,  0.421845,  0
    3,  0.901404,  0.421845,  0
    3,  0.942004,  0.421845,  0
    3,  0.968500,  0.421845,  0
    3,  0.983706,  0.421845,  0
    3,  0.991796,  0.421845,  0
    3,  0.995927,  0.421845,  0
    3,  0.997992,  0.421845,  2
    3,  0.702008,  0.430384,  3
    3,  0.704073,  0.430384,  0
    3,  0.708204,  0.430384,  0
    3,  0.716294,  0.430384,  0
    3,  0.731500,  0.430384,  0
    3,  0.757996,  0.430384,  0
    3,  0.798596,  0.430384,  0
    3,  0.850000,  0.430384,  0
    3,  0.901404,  0.430384,  0
    3,  0.942004,  0.430384,  0
    3,  0.968500,  0.430384,  0
    3,  0.983706,  0.430384,  0
    3,  0.991796,  0.430384,  0
    3,  0.995927,  0.430384,  0
    3,  0.997992,  0.430384,  2
    3,  0.702008,  0.442019,  3
    3,  0.704073,  0.442019,  0
    3,  0.708204,  0.442019,  0
    3,  0.716294,  0.442019,  0
    3,  0.731500,  0.442019,  0
    3,  0.757996,  0.442019,  0
    3,  0.798596,  0.442019,  0
    3,  0.850000,  0.442019,  0
    3,  0.901404,  0.442019,  0
    3,  0.942004,  0.442019,  0
    3,  0.968500,  0.442019,  0
    3,  0.983706,  0.442019,  0
    3,  0.991796,  0.442019,  0
    3,  0.995927,  0.442019,  0
    3,  0.997992,  0.442019,  2
    3,  0.702008,  0.457657,  3
    3,  0.704073,  0.457657,  0
    3,  0.708204,  0.457657,  0
    3,  0.716294,  0.457657,  0
    3,  0.731500,  0.457657,  0
    3,  0.757996,  0.457657,  0
    3,  0.798596,  0.457657,  0
    3,  0.850000,  0.457657,  0
    3,  0.901404,  0.457657,  0
    3,  0.942004,  0.457657,  0
    3,  0.968500,  0.457657,  0
    3,  0.983706,  0.457657,  0
    3,  0.991796,  0.457657,  0
    3,  0.995927,  0.457657,  0
    3,  0.997992,  0.457657,  2
    3,  0.702008,  0.478300,  3
    3,  0.704073,  0.478300,  0
    3,  0.708204,  0.478300,  0
    3,  0.716294,  0.478300,  0
    3,  0.731500,  0.478300,  0
    3,  0.757996,  0.478300,  0
    3,  0.798596,  0.478300,  0
    3,  0.850000,  0.478300,  0
    3,  0.901404,  0.478300,  0
    3,  0.942004,  0.478300,  0
    3,  0.968500,  0.478300,  0
    3,  0.983706,  0.478300,  0
    3,  0.991796,  0.478300,  0
    3,  0.995927,  0.478300,  0
    3,  0.997992,  0.478300,  2
    3,  0.702008,  0.504902,  3
    3,  0.704073,  0.504902,  0
    3,  0.708204,  0.504902,  0
    3,  0.716294,  0.504902,  0
    3,  0.731500,  0.504902,  0
    3,  0.757996,  0.504902,  0
    3,  0.798596,  0.504902,  0
    3,  0.850000,  0.504902,  0
    3,  0.901404,  0.504902,  0
    3,  0.942004,  0.504902,  0
    3,  0.968500,  0.504902,  0
    3,  0.983706,  0.504902,  0
    3,  0.991796,  0.504902,  0
    3,  0.995927,  0.504902,  0
    3,  0.997992,  0.504902,  2
    3,  0.702008,  0.538150,  3
    3,  0.704073,  0.538150,  0
    3,  0.708204,  0.538150,  0
    3,  0.716294,  0.538150,  0
    3,  0.731500,  0.538150,  0
    3,  0.757996,  0.538150,  0
    3,  0.798596,  0.538150,  0
    3,  0.850000,  0.538150,  0
    3,  0.901404,  0.538150,  0
    3,  0.942004,  0.538150,  0
    3,  0.968500,  0.538150,  0
    3,  0.983706,  0.538150,  0
    3,  0.991796,  0.538150,  0
    3,  0.995927,  0.538150,  0
    3,  0.997992,  0.538150,  2
    3,  0.702008,  0.578144,  3
    3,  0.704073,  0.578144,  0
    3,  0.708204,  0.578144,  0
    3,  0.716294,  0.578144,  0
    3,  0.731500,  0.578144,  0
    3,  0.757996,  0.578144,  0
    3,  0.798596,  0.578144,  0
    3,  0.850000,  0.578144,  0
    3,  0.901404,  0.578144,  0
    3,  0.942004,  0.578144,  0
    3,  0.968500,  0.578144,  0
    3,  0.983706,  0.578144,  0
    3,  0.991796,  0.578144,  0
    3,  0.995927,  0.578144,  0
    3,  0.997992,  0.578144,  2
    3,  0.702008,  0.624099,  3
    3,  0.704073,  0.624099,  0
    3,  0.708204,  0.624099,  0
    3,  0.716294,  0.624099,  0
    3,  0.731500,  0.624099,  0
    3,  0.757996,  0.624099,  0
    3,  0.798596,  0.624099,  0
    3,  0.850000,  0.624099,  0
    3,  0.901404,  0.624099,  0
    3,  0.942004,  0.624099,  0
    3,  0.968500,  0.624099,  0
    3,  0.983706,  0.624099,  0
    3,  0.991796,  0.624099,  0
    3,  0.995927,  0.624099,  0
    3,  0.997992,  0.624099,  2
    3,  0.702008,  0.674202,  3
    3,  0.704073,  0.674202,  0
    3,  0.708204,  0.674202,  0
    3,  0.716294,  0.674202,  0
    3,  0.731500,  0.674202,  0
    3,  0.757996,  0.674202,  0
    3,  0.798596,  0.674202,  0
    3,  0.850000,  0.674202,  0
    3,  0.901404,  0.674202,  0
    3,  0.942004,  0.674202,  0
    3,  0.968500,  0.674202,  0
    3,  0.983706,  0.674202,  0
    3,  0.991796,  0.674202,  0
    3,  0.995927,  0.674202,  0
    3,  0.997992,  0.674202,  2
    3,  0.702008,  0.725798,  3
    3,  0.704073,  0.725798,  0
    3,  0.708204,  0.725798,  0
    3,  0.716294,  0.725798,  0
    3,  0.731500,  0.725798,  0
    3,  0.757996,  0.725798,  0
    3,  0.798596,  0.725798,  0
    3,  0.850000,  0.725798,  0
    3,  0.901404,  0.725798,  0
    3,  0.942004,  0.725798,  0
    3,  0.968500,  0.725798,  0
    3,  0.983706,  0.725798,  0
    3,  0.991796,  0.725798,  0
    3,  0.995927,  0.725798,  0
    3,  0.997992,  0.725798,  2
    3,  0.702008,  0.775901,  3
    3,  0.704073,  0.775901,  0
    3,  0.708204,  0.775901,  0
    3,  0.716294,  0.775901,  0
    3,  0.731500,  0.775901,  0
    3,  0.757996,  0.775901,  0
    3,  0.798596,  0.775901,  0
    3,  0.850000,  0.775901,  0
    3,  0.901404,  0.775901,  0
    3,  0.942004,  0.775901,  0
    3,  0.968500,  0.775901,  0
    3,  0.983706,  0.775901,  0
    3,  0.991796,  0.775901,  0
    3,  0.995927,  0.775901,  0
    3,  0.997992,  0.775901,  2
    3,  0.702008,  0.821856,  3
    3,  0.704073,  0.821856,  0
    3,  0.708204,  0.821856,  0
    3,  0.716294,  0.821856,  0
    3,  0.731500,  0.821856,  0
    3,  0.757996,  0.821856,  0
    3,  0.798596,  0.821856,  0
    3,  0.850000,  0.821856,  0
    3,  0.901404,  0.821856,  0
    3,  0.942004,  0.821856,  0
    3,  0.968500,  0.821856,  0
    3,  0.983706,  0.821856,  0
    3,  0.991796,  0.821856,  0
    3,  0.995927,  0.821856,  0
    3,  0.997992,  0.821856,  2
    3,  0.702008,  0.861850,  3
    3,  0.704073,  0.861850,  0
    3,  0.708204,  0.861850,  0
    3,  0.716294,  0.861850,  0
    3,  0.731500,  0.861850,  0
    3,  0.757996,  0.861850,  0
    3,  0.798596,  0.861850,  0
    3,  0.850000,  0.861850,  0
    3,  0.901404,  0.861850,  0
    3,  0.942004,  0.861850,  0
    3,  0.968500,  0.861850,  0
    3,  0.983706,  0.861850,  0
    3,  0.991796,  0.861850,  0
    3,  0.995927,  0.861850,  0
    3,  0.997992,  0.861850,  2
    3,  0.702008,  0.895098,  3
    3,  0.704073,  0.895098,  0
    3,  0.708204,  0.895098,  0
    3,  0.716294,  0.895098,  0
    3,  0.731500,  0.895098,  0
    3,  0.757996,  0.895098,  0
    3,  0.798596,  0.895098,  0
    3,  0.850000,  0.895098,  0
    3,  0.901404,  0.895098,  0
    3,  0.942004,  0.895098,  0
    3,  0.968500,  0.895098,  0
    3,  0.983706,  0.895098,  0
    3,  0.991796,  0.895098,  0
    3,  0.995927,  0.895098,  0
    3,  0.997992,  0.895098,  2
    3,  0.702008,  0.921700,  3
    3,  0.704073,  0.921700,  0
    3,  0.708204,  0.921700,  0
    3,  0.716294,  0.921700,  0
    3,  0.731500,  0.921700,  0
    3,  0.757996,  0.921700,  0
    3,  0.798596,  0.921700,  0
    3,  0.850000,  0.921700,  0
    3,  0.901404,  0.921700,  0
    3,  0.942004,  0.921700,  0
    3,  0.968500,  0.921700,  0
    3,  0.983706,  0.921700,  0
    3,  0.991796,  0.921700,  0
    3,  0.995927,  0.921700,  0
    3,  0.997992,  0.921700,  2
    3,  0.702008,  0.942343,  3
    3,  0.704073,  0.942343,  0
    3,  0.708204,  0.942343,  0
    3,  0.716294,  0.942343,  0
    3,  0.731500,  0.942343,  0
    3,  0.757996,  0.942343,  0
    3,  0.798596,  0.942343,  0
    3,  0.850000,  0.942343,  0
    3,  0.901404,  0.942343,  0
    3,  0.942004,  0.942343,  0
    3,  0.968500,  0.942343,  0
    3,  0.983706,  0.942343,  0
    3,  0.991796,  0.942343,  0
    3,  0.995927,  0.942343,  0
    3,  0.997992,  0.942343,  2
    3,  0.702008,  0.957981,  3
    3,  0.704073,  0.957981,  0
    3,  0.708204,  0.957981,  0
    3,  0.716294,  0.957981,  0
    3,  0.731500,  0.957981,  0
    3,  0.757996,  0.957981,  0
    3,  0.798596,  0.957981,  0
    3,  0.850000,  0.957981,  0
    3,  0.901404,  0.957981,  0
    3,  0.942004,  0.957981,  0
    3,  0.968500,  0.957981,  0
    3,  0.983706,  0.957981,  0
    3,  0.991796,  0.957981,  0
    3,  0.995927,  0.957981,  0
    3,  0.997992,  0.957981,  2
    3,  0.702008,  0.969616,  3
    3,  0.704073,  0.969616,  0
    3,  0.708204,  0.969616,  0
    3,  0.716294,  0.969616,  0
    3,  0.731500,  0.969616,  0
    3,  0.757996,  0.969616,  0
    3,  0.798596,  0.969616,  0
    3,  0.850000,  0.969616,  0
    3,  0.901404,  0.969616,  0
    3,  0.942004,  0.969616,  0
    3,  0.968500,  0.969616,  0
    3,  0.983706,  0.969616,  0
    3,  0.991796,  0.969616,  0
    3,  0.995927,  0.969616,  0
    3,  0.997992,  0.969616,  2
    3,  0.702008,  0.978155,  3
    3,  0.704073,  0.978155,  0
    3,  0.708204,  0.978155,  0
    3,  0.716294,  0.978155,  0
    3,  0.731500,  0.978155,  0
    3,  0.757996,  0.978155,  0
    3,  0.798596,  0.978155,  0
    3,  0.850000,  0.978155,  0
    3,  0.901404,  0.978155,  0
    3,  0.942004,  0.978155,  0
    3,  0.968500,  0.978155,  0
    3,  0.983706,  0.978155,  0
    3,  0.991796,  0.978155,  0
    3,  0.995927,  0.978155,  0
    3,  0.997992,  0.978155,  2
    3,  0.702008,  0.984360,  3
    3,  0.704073,  0.984360,  0
    3,  0.708204,  0.984360,  0
    3,  0.716294,  0.984360,  0
    3,  0.731500,  0.984360,  0
    3,  0.757996,  0.984360,  0
    3,  0.798596,  0.984360,  0
    3,  0.850000,  0.984360,  0
    3,  0.901404,  0.984360,  0
    3,  0.942004,  0.984360,  0
    3,  0.968500,  0.984360,  0
    3,  0.983706,  0.984360,  0
    3,  0.991796,  0.984360,  0
    3,  0.995927,  0.984360,  0
    3,  0.997992,  0.984360,  2
    3,  0.702008,  0.988837,  3
    3,  0.704073,  0.988837,  0
    3,  0.708204,  0.988837,  0
    3,  0.716294,  0.988837,  0
    3,  0.731500,  0.988837,  0
    3,  0.757996,  0.988837,  0
    3,  0.798596,  0.988837,  0
    3,  0.850000,  0.988837,  0
    3,  0.901404,  0.988837,  0
    3,  0.942004,  0.988837,  0
    3,  0.968500,  0.988837,  0
    3,  0.983706,  0.988837,  0
    3,  0.991796,  0.988837,  0
    3,  0.995927,  0.988837,  0
    3,  0.997992,  0.988837,  2
    3,  0.702008,  0.992049,  3
    3,  0.704073,  0.992049,  0
    3,  0.708204,  0.992049,  0
    3,  0.716294,  0.992049,  0
    3,  0.731500,  0.992049,  0
    3,  0.757996,  0.992049,  0
    3,  0.798596,  0.992049,  0
    3,  0.850000,  0.992049,  0
    3,  0.901404,  0.992049,  0
    3,  0.942004,  0.992049,  0
    3,  0.968500,  0.992049,  0
    3,  0.983706,  0.992049,  0
    3,  0.991796,  0.992049,  0
    3,  0.995927,  0.992049,  0
    3,  0.997992,  0.992049,  2
    3,  0.702008,  0.994346,  3
    3,  0.704073,  0.994346,  0
    3,  0.708204,  0.994346,  0
    3,  0.716294,  0.994346,  0
    3,  0.731500,  0.994346,  0
    3,  0.757996,  0.994346,  0
    3,  0.798596,  0.994346,  0
    3,  0.850000,  0.994346,  0
    3,  0.901404,  0.994346,  0
    3,  0.942004,  0.994346,  0
    3,  0.968500,  0.994346,  0
    3,  0.983706,  0.994346,  0
    3,  0.991796,  0.994346,  0
    3,  0.995927,  0.994346,  0
    3,  0.997992,  0.994346,  2
    3,  0.702008,  0.995984,  1
    3,  0.704073,  0.995984,  1
    3,  0.708204,  0.995984,  1
    3,  0.716294,  0.995984,  1
    3,  0.731500,  0.995984,  1
    3,  0.757996,  0.995984,  1
    3,  0.798596,  0.995984,  1
    3,  0.850000,  0.995984,  1
    3,  0.901404,  0.995984,  1
    3,  0.942004,  0.995984,  1
    3,  0.968500,  0.995984,  1
    3,  0.983706,  0.995984,  1
    3,  0.991796,  0.995984,  1
    3,  0.995927,  0.995984,  1
    3,  0.997992,  0.995984,  2
